{
 "version": 5,
 "spr_edges": [
  2.5,
  5.0,
  8.0,
  13.0,
  22.0
 ],
 "class_base": [
  0.73679,
  0.46493,
  0.48282,
  0.50586,
  0.38484,
  0.33869,
  0.38877,
  0.42153,
  0.40282,
  0.46126,
  0.44072,
  0.43005,
  0.55175,
  0.48807,
  0.73275,
  0.34785,
  0.46602,
  0.36044,
  0.41942,
  0.41813,
  0.43927,
  0.42331,
  0.46012,
  0.48445,
  0.47601,
  0.65627,
  0.53684,
  0.57831,
  0.72703,
  0.44619,
  0.31179,
  0.23585,
  0.34814,
  0.41946,
  0.33218,
  0.40897,
  0.40378,
  0.42746,
  0.65627,
  0.59548,
  0.60792,
  0.65204,
  0.78499,
  0.50418,
  0.41549,
  0.46505,
  0.49682,
  0.43156,
  0.4525,
  0.46694,
  0.53628,
  0.65627,
  0.4161,
  0.52295,
  0.58715,
  0.61024,
  0.78671,
  0.45284,
  0.38512,
  0.44957,
  0.32279,
  0.39007,
  0.42401,
  0.57788,
  0.54009,
  0.43994,
  0.462,
  0.53534,
  0.68162,
  1.0108,
  0.65031,
  0.57273,
  0.50592,
  0.3566,
  0.37063,
  0.39091,
  0.52432,
  0.54009,
  0.5458,
  0.54949,
  0.52725,
  0.68487,
  0.92711,
  0.94715,
  0.73387,
  0.76969,
  0.56512,
  0.4741,
  0.60726,
  0.62571,
  0.56005,
  0.60795,
  0.52774,
  0.57008,
  0.72763,
  0.99759,
  0.92661,
  0.93262,
  0.7199,
  0.51505,
  0.89791,
  0.81839,
  0.66584,
  0.56244,
  0.53678,
  0.55178,
  0.51285,
  0.59764,
  0.54502,
  0.88164,
  0.95647,
  0.99311,
  0.72442,
  0.7095,
  0.78674,
  0.68164,
  0.59676,
  0.57374,
  0.57992,
  0.51491,
  0.62892,
  0.55266,
  0.61039,
  0.95532,
  0.89791,
  1.06976,
  0.74435,
  0.78674,
  0.68164,
  0.68737,
  0.65703,
  0.62019,
  0.60003,
  0.99774,
  0.72076,
  0.89834,
  0.90756,
  0.91155,
  0.96241,
  0.96241,
  0.84237,
  0.71881,
  0.70147,
  0.81955,
  0.8186,
  0.81946,
  0.82364,
  0.78055,
  0.80789,
  0.84225,
  0.80669,
  0.90164,
  0.91851,
  0.9417,
  1.06953,
  0.80137,
  0.8152,
  0.8152,
  0.8152,
  0.85732,
  0.71128,
  0.71128,
  0.71128,
  0.71128,
  0.73481,
  0.73481,
  0.73786,
  0.8938,
  1.27397
 ],
 "ctx": {
  "c0": 1.0288337328371175,
  "pos": 0.19249426578885162,
  "spr0": 0.0,
  "spr1": -0.23742236132900035,
  "spr2": -0.09244739335989882,
  "spr3": 0.20277837121002404,
  "spr4": 0.13213197655812825,
  "spr5": -0.00504059307972003,
  "range_eq": 2.4255182122006786,
  "initiative": 0.1717442199436753
 },
 "mult_clip": [
  0.8,
  1.25
 ],
 "clip": [
  0.2,
  2.5
 ],
 "meta": {
  "n_obs": 138198,
  "r2": 0.1956,
  "alpha": 0.85,
  "rho_cells": {
   "f_srp": 0.4054,
   "i_srp": 1.5427,
   "f_3bp": 0.8525,
   "i_3bp": 0.9909,
   "limp": 0.9558
  },
  "pi5": [
   0.3321,
   0.3321,
   0.1423,
   0.1423,
   0.0512
  ],
  "n_3bp_spots": 12,
  "n_3bp_rows": 54371,
  "note": "v5 = v4 + pot-type axis: class x (role, pot-type) cells, hierarchical shrinkage cell->role->IPF, unsupported 3BP mass folds back to SRP per class, big-pair PAVA chain added. Requires round-2 data (3-bet pots + 4-max game)."
 }
}